<?xml version="1.0" encoding="UTF-8"?>
<!-- <!DOCTYPE suite SYSTEM "https://testng.org/testng-1.0.dtd"> -->
<suite name="Suite">
  <listeners>
  	<listener class-name="utilities.ExtentReportManager"></listener>
  </listeners>
  <test thread-count="1" name="ChromeTest">
  <parameter name="browser" value="chrome"/>
  <parameter name="os" value="windows"/>

    <classes>
      <!--   <class name="testCases.TC_01_SearchWebDev"/> -->
      <class name="testCases.TC_02_LanguageLearning"/>
      <!-- <class name="testCases.TC_03_ReadyToTransform"/> -->
    </classes>
  </test> <!-- Test -->
  
</suite> <!-- Suite -->
