<?xml version="1.0" encoding="UTF-8"?>
<!-- <!DOCTYPE suite SYSTEM "https://testng.org/testng-1.0.dtd"> -->
<suite name="Suite">
  <listeners>
  	<listener class-name="utilities.ExtentReportManager"></listener>
  </listeners>
  <test thread-count="5" name="ChromeTest">
  <parameter name="browser" value="chrome"/>
  <parameter name="os" value="windows"/>
  	<groups>
  	<run>
  		<include name="smoke"></include>
  		<include name="regression"></include>
  		<include name="ui"></include>
  		<include name="form"></include>
  	</run>
  </groups>
    <classes>
      <class name="testCases.TC_01_SearchWebDev"/>
      <class name="testCases.TC_02_LanguageLearning"/>
      <class name="testCases.TC_03_ReadyToTransform"/>
    </classes>
  </test> <!-- Test -->
  
</suite> <!-- Suite -->
